id,description,order,recipeId
7,Roast eggplants until tender (template),2,1
8,Deep-fry tofu until crispy (template),3,1
9,Add sumac to yogurt dressing (template),4,3
10,Blend hummus to a creamy consistency (template),5,2
11,Marinate meat with ginger and garlic (template),6,3
12,Add soy sauce and stir until mixed (template),7,2
13,Cook noodles until al dente (template),8,1
14,Combine cornstarch and water for slurry (template),9,3
15,Prepare shakshuka base with tomatoes (template),10,2
16,Grill lamb skewers over open flame (template),1,3
17,Bake pita bread in hot oven (template),2,3
18,Cook chickpeas until soft (template),3,2
19,Prepare wok for high-heat cooking (template),4,1
20,Steam vegetables in a bamboo steamer (template),5,3
21,Sprinkle za'atar over bread (template),6,2
22,Pickle cucumbers for salad (template),7,2
23,Mix tahini with lemon juice (template),8,1
24,Simmer broth with star anise (template),9,2
25,Saut√© bok choy with sesame oil (template),10,3
26,Chop scallions and set aside (template),1,2
